Workbook

Sheet Data
A1: roe | B1: roc | C1: dkr | D1: eps | E1: netinc | F1: sp14 | G1: sp18 | H1: sal | I1: return
A2: 18.7 | B2: 17.4 | C2: 4 | D2: 48.1 | E2: 1144 | F2: 59.375 | G2: 47 | H2: 1090 | I2: -20.84211
A3: 1.6 | B3: 2.4 | C3: 27.3 | D3: -85.3 | E3: 35 | F3: 47.875 | G3: 43.5 | H3: 1923 | I3: -9.138381
A4: 4.9 | B4: 4.6 | C4: 36.8 | D4: -44.1 | E4: 127 | F4: 39 | G4: 72.625 | H4: 1012 | I4: 86.21795
A5: 11.1 | B5: 8.6 | C5: 46.4 | D5: 192.4 | E5: 367 | F5: 61.25 | G5: 142 | H5: 579 | I5: 131.8367
A6: 5.6 | B6: 4.5 | C6: 36.2 | D6: -60.4 | E6: 214 | F6: 58 | G6: 53.25 | H6: 600 | I6: -8.189655
A7: 3.5 | B7: 2.9 | C7: 18.7 | D7: -79.8 | E7: 118 | F7: 68.25 | G7: 50.5 | H7: 735 | I7: -26.00733
A8: 12.3 | B8: 8.5 | C8: 34.4 | D8: 39 | E8: 175 | F8: 33 | G8: 50.25 | H8: 994 | I8: 52.27273
A9: 7.5 | B9: 6.3 | C9: 57.8 | D9: -62.8 | E9: 1692 | F9: 43.625 | G9: 27.875 | H9: 1227 | I9: -36.10315
A10: 15.6 | B10: 10.5 | C10: 33.4 | D10: -16.2 | E10: 157 | F10: 42.75 | G10: 44.25 | H10: 913 | I10: 3.508772
A11: 12.5 | B11: 9.4 | C11: 33.4 | D11: -19.1 | E11: 315 | F11: 37.125 | G11: 47.75 | H11: 733 | I11: 28.61953
A12: 17.4 | B12: 16.4 | C12: 16.7 | D12: 12.8 | E12: 407 | F12: 32.375 | G12: 25.375 | H12: 1247 | I12: -21.62162
A13: 9.7 | B13: 8.9 | C13: 18.3 | D13: -34.8 | E13: 165 | F13: 36.125 | G13: 38.5 | H13: 925 | I13: 6.574394
... A143: 37 | B143: 15.7 | C143: 53.9 | D143: 45.1 | E143: 3523 | F143: 41.625 | G143: 57.5 | H143: 1316 | I143: 38.13814

Sheet Revised_Data
A1: roe | B1: roc | C1: dkr | D1: eps | E1: netinc | F1: sal | G1: log_netinc | H1: log_sal | I1: return
A2: 18.7 | B2: 17.4 | C2: 4 | D2: 48.1 | E2: 1144 | F2: 1090 | G2: =LN(E2) -> 7.0422862 | H2: =LN(F2) -> 6.993933 | I2: -20.84211
A3: 1.6 | B3: 2.4 | C3: 27.3 | D3: -85.3 | E3: 35 | F3: 1923 | G3: =LN(E3) -> 3.5553481 | H3: =LN(F3) -> 7.5616417 | I3: -9.138381
A4: 4.9 | B4: 4.6 | C4: 36.8 | D4: -44.1 | E4: 127 | F4: 1012 | G4: =LN(E4) -> 4.8441871 | H4: =LN(F4) -> 6.9196838 | I4: 86.21795
A5: 11.1 | B5: 8.6 | C5: 46.4 | D5: 192.4 | E5: 367 | F5: 579 | G5: =LN(E5) -> 5.9053618 | H5: =LN(F5) -> 6.3613025 | I5: 131.8367
A6: 5.6 | B6: 4.5 | C6: 36.2 | D6: -60.4 | E6: 214 | F6: 600 | G6: =LN(E6) -> 5.365976 | H6: =LN(F6) -> 6.3969297 | I6: -8.189655
A7: 3.5 | B7: 2.9 | C7: 18.7 | D7: -79.8 | E7: 118 | F7: 735 | G7: =LN(E7) -> 4.7706846 | H7: =LN(F7) -> 6.5998705 | I7: -26.00733
A8: 12.3 | B8: 8.5 | C8: 34.4 | D8: 39 | E8: 175 | F8: 994 | G8: =LN(E8) -> 5.164786 | H8: =LN(F8) -> 6.9017372 | I8: 52.27273
A9: 7.5 | B9: 6.3 | C9: 57.8 | D9: -62.8 | E9: 1692 | F9: 1227 | G9: =LN(E9) -> 7.4336665 | H9: =LN(F9) -> 7.1123274 | I9: -36.10315
A10: 15.6 | B10: 10.5 | C10: 33.4 | D10: -16.2 | E10: 157 | F10: 913 | G10: =LN(E10) -> 5.0562458 | H10: =LN(F10) -> 6.8167359 | I10: 3.508772
A11: 12.5 | B11: 9.4 | C11: 33.4 | D11: -19.1 | E11: 315 | F11: 733 | G11: =LN(E11) -> 5.7525726 | H11: =LN(F11) -> 6.5971457 | I11: 28.61953
A12: 17.4 | B12: 16.4 | C12: 16.7 | D12: 12.8 | E12: 407 | F12: 1247 | G12: =LN(E12) -> 6.0088132 | H12: =LN(F12) -> 7.1284959 | I12: -21.62162
A13: 9.7 | B13: 8.9 | C13: 18.3 | D13: -34.8 | E13: 165 | F13: 925 | G13: =LN(E13) -> 5.1059455 | H13: =LN(F13) -> 6.8297937 | I13: 6.574394
... A143: 37 | B143: 15.7 | C143: 53.9 | D143: 45.1 | E143: 3523 | F143: 1316 | G143: =LN(E143) -> 8.1670682 | H143: =LN(F143) -> 7.1823521 | I143: 38.13814

Sheet Regression_Base_Output
A1: SUMMARY OUTPUT
A3: Regression Statistics
A4: Multiple R | B4: 0.27202852
A5: R Square | B5: 0.073999515
A6: Adjusted R Square | B6: 0.032843938
A7: Standard Error | B7: 38.766458
A8: Observations | B8: 142
A10: ANOVA
B11: df | C11: SS | D11: MS | E11: F | F11: Significance F
A12: Regression | B12: 6 | C12: 16213.011 | D12: 2702.1684 | E12: 1.7980434 | F12: 0.10400245
A13: Residual | B13: 135 | C13: 202883.16 | D13: 1502.8382
A14: Total | B14: 141 | C14: 219096.17
B16: Coefficients | C16: Standard Error | D16: t Stat | E16: P-value | F16: Lower 95% | G16: Upper 95% | H16: Lower 95.0% | I16: Upper 95.0%
A17: Intercept | B17: -6.7073526 | C17: 13.071116 | D17: -0.51314307 | E17: 0.60868995 | F17: -32.557998 | G17: 19.143292 | H17: -32.557998 | I17: 19.143292
A18: roe | B18: -1.6597503 | C18: 0.95836495 | D18: -1.7318563 | E18: 0.085583357 | F18: -3.5551013 | G18: 0.23560062 | H18: -3.5551013 | I18: 0.23560062
A19: roc | B19: 1.3166143 | C19: 1.3506701 | D19: 0.97478602 | E19: 0.33140986 | F19: -1.3545955 | G19: 3.9878242 | H19: -1.3545955 | I19: 3.9878242
A20: dkr | B20: 0.40218825 | C20: 0.2723815 | D20: 1.4765623 | E20: 0.14212186 | F20: -0.13649854 | G20: 0.94087504 | H20: -0.13649854 | I20: 0.94087504
A21: eps | B21: 0.11535756 | C21: 0.090121352 | D21: 1.2800247 | E21: 0.20273165 | F21: -0.062874746 | G21: 0.29358986 | H21: -0.062874746 | I21: 0.29358986
A22: netinc | B22: -0.0026239103 | C22: 0.0048231153 | D22: -0.5440281 | E22: 0.5873195 | F22: -0.012162548 | G22: 0.0069147276 | H22: -0.012162548 | I22: 0.0069147276
A23: sal | B23: 0.0036502349 | C23: 0.0021821785 | D23: 1.6727481 | E23: 0.096692797 | F23: -0.00066544266 | G23: 0.0079659124 | H23: -0.00066544266 | I23: 0.0079659124

Sheet log_Transformed_Data
A1: roe | B1: roc | C1: dkr | D1: eps | E1: log_netinc | F1: log_sal | G1: return
A2: 18.7 | B2: 17.4 | C2: 4 | D2: 48.1 | E2: 7.0422862 | F2: 6.993933 | G2: -20.84211
A3: 1.6 | B3: 2.4 | C3: 27.3 | D3: -85.3 | E3: 3.5553481 | F3: 7.5616417 | G3: -9.138381
A4: 4.9 | B4: 4.6 | C4: 36.8 | D4: -44.1 | E4: 4.8441871 | F4: 6.9196838 | G4: 86.21795
A5: 11.1 | B5: 8.6 | C5: 46.4 | D5: 192.4 | E5: 5.9053618 | F5: 6.3613025 | G5: 131.8367
A6: 5.6 | B6: 4.5 | C6: 36.2 | D6: -60.4 | E6: 5.365976 | F6: 6.3969297 | G6: -8.189655
A7: 3.5 | B7: 2.9 | C7: 18.7 | D7: -79.8 | E7: 4.7706846 | F7: 6.5998705 | G7: -26.00733
A8: 12.3 | B8: 8.5 | C8: 34.4 | D8: 39 | E8: 5.164786 | F8: 6.9017372 | G8: 52.27273
A9: 7.5 | B9: 6.3 | C9: 57.8 | D9: -62.8 | E9: 7.4336665 | F9: 7.1123274 | G9: -36.10315
A10: 15.6 | B10: 10.5 | C10: 33.4 | D10: -16.2 | E10: 5.0562458 | F10: 6.8167359 | G10: 3.508772
A11: 12.5 | B11: 9.4 | C11: 33.4 | D11: -19.1 | E11: 5.7525726 | F11: 6.5971457 | G11: 28.61953
A12: 17.4 | B12: 16.4 | C12: 16.7 | D12: 12.8 | E12: 6.0088132 | F12: 7.1284959 | G12: -21.62162
A13: 9.7 | B13: 8.9 | C13: 18.3 | D13: -34.8 | E13: 5.1059455 | F13: 6.8297937 | G13: 6.574394
... A143: 37 | B143: 15.7 | C143: 53.9 | D143: 45.1 | E143: 8.1670682 | F143: 7.1823521 | G143: 38.13814

Sheet Histograms

Sheet Regression_log_Output
A1: SUMMARY OUTPUT
A3: Regression Statistics
A4: Multiple R | B4: 0.25495847
A5: R Square | B5: 0.065003821
A6: Adjusted R Square | B6: 0.023448435
A7: Standard Error | B7: 38.954302
A8: Observations | B8: 142
A10: ANOVA
B11: df | C11: SS | D11: MS | E11: F | F11: Significance F
A12: Regression | B12: 6 | C12: 14242.088 | D12: 2373.6814 | E12: 1.5642695 | F12: 0.16228004
A13: Residual | B13: 135 | C13: 204854.08 | D13: 1517.4377
A14: Total | B14: 141 | C14: 219096.17
B16: Coefficients | C16: Standard Error | D16: t Stat | E16: P-value | F16: Lower 95% | G16: Upper 95% | H16: Lower 95.0% | I16: Upper 95.0%
A17: Intercept | B17: -41.23972 | C17: 40.048461 | D17: -1.0297454 | E17: 0.30497091 | F17: -120.44325 | G17: 37.963813 | H17: -120.44325 | I17: 37.963813
A18: roe | B18: -1.6770583 | C18: 0.96233379 | D18: -1.7426992 | E18: 0.083663249 | F18: -3.5802584 | G18: 0.22614176 | H18: -3.5802584 | I18: 0.22614176
A19: roc | B19: 1.3961536 | C19: 1.3422195 | D19: 1.0401827 | E19: 0.30011434 | F19: -1.2583436 | G19: 4.0506507 | H19: -1.2583436 | I19: 4.0506507
A20: dkr | B20: 0.41373205 | C20: 0.27310308 | D20: 1.51493 | E20: 0.132128 | F20: -0.1263818 | G20: 0.95384591 | H20: -0.1263818 | I20: 0.95384591
A21: eps | B21: 0.12739682 | C21: 0.091401329 | D21: 1.393818 | E21: 0.16566271 | F21: -0.053366886 | G21: 0.30816052 | H21: -0.053366886 | I21: 0.30816052
A22: log_netinc | B22: -2.7714078 | C22: 3.4914277 | D22: -0.79377494 | E22: 0.42871949 | F22: -9.6763775 | G22: 4.1335619 | H22: -9.6763775 | I22: 4.1335619
A23: log_sal | B23: 7.5429107 | C23: 6.2766358 | D23: 1.2017442 | E23: 0.23156655 | F23: -4.8703435 | G23: 19.956165 | H23: -4.8703435 | I23: 19.956165

Sheet Summary_stats
A1: Variable | B1: Mean | C1: Median | D1: Min | E1: Max | F1: Std Dev
A2: return | B2: =AVERAGE(Revised_Data!I2:'Revised_Data'!I143) -> -4.0426859 | C2: =MEDIAN(Revised_Data!I2:'Revised_Data'!I143) -> -8.6730185 | D2: =MIN(Revised_Data!I2:'Revised_Data'!I143) -> -84.8881 | E2: =MAX(Revised_Data!I2:'Revised_Data'!I143) -> 131.8367 | F2: =STDEV(Revised_Data!I2:'Revised_Data'!I143) -> 39.419203
A3: roe | B3: =AVERAGE(Revised_Data!A2:'Revised_Data'!A143) -> 17.730986 | C3: =MEDIAN(Revised_Data!A2:'Revised_Data'!A143) -> 15.8 | D3: =MIN(Revised_Data!A2:'Revised_Data'!A143) -> 1.1 | E3: =MAX(Revised_Data!A2:'Revised_Data'!A143) -> 61.1 | F3: =STDEV(Revised_Data!A2:'Revised_Data'!A143) -> 9.8846552
A4: roc | B4: =AVERAGE(Revised_Data!B2:'Revised_Data'!B143) -> 13.711268 | C4: =MEDIAN(Revised_Data!B2:'Revised_Data'!B143) -> 12.05 | D4: =MIN(Revised_Data!B2:'Revised_Data'!B143) -> 1.4 | E4: =MAX(Revised_Data!B2:'Revised_Data'!B143) -> 43.3 | F4: =STDEV(Revised_Data!B2:'Revised_Data'!B143) -> 7.8817871
A5: dkr | B5: =AVERAGE(Revised_Data!C2:'Revised_Data'!C143) -> 25.648592 | C5: =MEDIAN(Revised_Data!C2:'Revised_Data'!C143) -> 26.4 | D5: =MIN(Revised_Data!C2:'Revised_Data'!C143) -> 0 | E5: =MAX(Revised_Data!C2:'Revised_Data'!C143) -> 79.5 | F5: =STDEV(Revised_Data!C2:'Revised_Data'!C143) -> 16.668417
A6: eps | B6: =AVERAGE(Revised_Data!D2:'Revised_Data'!D143) -> 2.0197183 | C6: =MEDIAN(Revised_Data!D2:'Revised_Data'!D143) -> 6.7 | D6: =MIN(Revised_Data!D2:'Revised_Data'!D143) -> -89.3 | E6: =MAX(Revised_Data!D2:'Revised_Data'!D143) -> 266.6 | F6: =STDEV(Revised_Data!D2:'Revised_Data'!D143) -> 43.154376
A7: netinc | B7: =AVERAGE(Revised_Data!E2:'Revised_Data'!E143) -> 512.3169 | C7: =MEDIAN(Revised_Data!E2:'Revised_Data'!E143) -> 229.5 | D7: =MIN(Revised_Data!E2:'Revised_Data'!E143) -> 4 | E7: =MAX(Revised_Data!E2:'Revised_Data'!E143) -> 4237 | F7: =STDEV(Revised_Data!E2:'Revised_Data'!E143) -> 723.60928
A8: sal | B8: =AVERAGE(Revised_Data!F2:'Revised_Data'!F143) -> 1325.1056 | C8: =MEDIAN(Revised_Data!F2:'Revised_Data'!F143) -> 1040.5 | D8: =MIN(Revised_Data!F2:'Revised_Data'!F143) -> 267 | E8: =MAX(Revised_Data!F2:'Revised_Data'!F143) -> 14336 | F8: =STDEV(Revised_Data!F2:'Revised_Data'!F143) -> 1539.8938

Sheet Formatted_Data
A1: roe | B1: roc | C1: dkr | D1: eps | E1: netinc | F1: sal | G1: return
A2: 18.7 | B2: 17.4 | C2: 4 | D2: 48.1 | E2: 1144 | F2: 1090 | G2: -20.84211
A3: 1.6 | B3: 2.4 | C3: 27.3 | D3: -85.3 | E3: 35 | F3: 1923 | G3: -9.138381
A4: 4.9 | B4: 4.6 | C4: 36.8 | D4: -44.1 | E4: 127 | F4: 1012 | G4: 86.21795
A5: 11.1 | B5: 8.6 | C5: 46.4 | D5: 192.4 | E5: 367 | F5: 579 | G5: 131.8367
A6: 5.6 | B6: 4.5 | C6: 36.2 | D6: -60.4 | E6: 214 | F6: 600 | G6: -8.189655
A7: 3.5 | B7: 2.9 | C7: 18.7 | D7: -79.8 | E7: 118 | F7: 735 | G7: -26.00733
A8: 12.3 | B8: 8.5 | C8: 34.4 | D8: 39 | E8: 175 | F8: 994 | G8: 52.27273
A9: 7.5 | B9: 6.3 | C9: 57.8 | D9: -62.8 | E9: 1692 | F9: 1227 | G9: -36.10315
A10: 15.6 | B10: 10.5 | C10: 33.4 | D10: -16.2 | E10: 157 | F10: 913 | G10: 3.508772
A11: 12.5 | B11: 9.4 | C11: 33.4 | D11: -19.1 | E11: 315 | F11: 733 | G11: 28.61953
A12: 17.4 | B12: 16.4 | C12: 16.7 | D12: 12.8 | E12: 407 | F12: 1247 | G12: -21.62162
A13: 9.7 | B13: 8.9 | C13: 18.3 | D13: -34.8 | E13: 165 | F13: 925 | G13: 6.574394
... A143: 37 | B143: 15.7 | C143: 53.9 | D143: 45.1 | E143: 3523 | F143: 1316 | G143: 38.13814

Sheet Correlation_Matrix
B1: roe | C1: roc | D1: dkr | E1: eps | F1: netinc | G1: sal | H1: return
A2: roe | B2: 1
A3: roc | B3: 0.90343467 | C3: 1
A4: dkr | B4: -0.25394634 | C4: -0.50354485 | D4: 1
A5: eps | B5: 0.52009169 | C5: 0.51871103 | D5: -0.13965674 | E5: 1
A6: netinc | B6: 0.15970403 | C6: 0.035321249 | D6: 0.078671975 | E6: 0.097638521 | F6: 1
A7: sal | B7: 0.14579171 | C7: 0.14198102 | D7: -0.022625498 | E7: 0.12395475 | F7: 0.18257197 | G7: 1
A8: return | B8: -0.14277081 | C8: -0.11433433 | D8: 0.1185435 | E8: 0.035603442 | F8: -0.053592212 | G8: 0.12230657 | H8: 1

Sheet Regression_Comparison
A1: Metric | B1: Base Model | C1: Log Model
A2: R² | B2: =Regression_Base_Output!B5 -> 0.073999515 | C2: =Regression_log_Output!B5 -> 0.065003821
A3: Adjusted R² | B3: =Regression_Base_Output!B6 -> 0.032843938 | C3: =Regression_log_Output!B6 -> 0.023448435
A4: F-statistic | B4: =Regression_Base_Output!E12 -> 1.7980434 | C4: =Regression_log_Output!E12 -> 1.5642695
A5: F-test p-value | B5: =Regression_Base_Output!F12 -> 0.10400245 | C5: =Regression_log_Output!F12 -> 0.16228004
A7: Co-effecients:
A8: Variable | B8: Base | C8: Log
A9: Intercept | B9: =Regression_Base_Output!B17 -> -6.7073526 | C9: =Regression_log_Output!B17 -> -41.23972
A10: roe | B10: =Regression_Base_Output!B18 -> -1.6597503 | C10: =Regression_log_Output!B18 -> -1.6770583
A11: roc | B11: =Regression_Base_Output!B19 -> 1.3166143 | C11: =Regression_log_Output!B19 -> 1.3961536
A12: dkr | B12: =Regression_Base_Output!B20 -> 0.40218825 | C12: =Regression_log_Output!B20 -> 0.41373205
A13: eps | B13: =Regression_Base_Output!B21 -> 0.11535756 | C13: =Regression_log_Output!B21 -> 0.12739682
A14: netinc / log(netinc) | B14: =Regression_Base_Output!B22 -> -0.0026239103 | C14: =Regression_log_Output!B22 -> -2.7714078
A15: sal / log(sal) | B15: =Regression_Base_Output!B23 -> 0.0036502349 | C15: =Regression_log_Output!B23 -> 7.5429107
A17: p-values:
A18: Variable | B18: Base | C18: Log
A19: roe | B19: =Regression_Base_Output!E18 -> 0.085583357 | C19: =Regression_log_Output!E18 -> 0.083663249
A20: roc | B20: =Regression_Base_Output!E19 -> 0.33140986 | C20: =Regression_log_Output!E19 -> 0.30011434
A21: dkr | B21: =Regression_Base_Output!E20 -> 0.14212186 | C21: =Regression_log_Output!E20 -> 0.132128
A22: eps | B22: =Regression_Base_Output!E21 -> 0.20273165 | C22: =Regression_log_Output!E21 -> 0.16566271
A23: netinc / log(netinc) | B23: =Regression_Base_Output!E22 -> 0.5873195 | C23: =Regression_log_Output!E22 -> 0.42871949
A24: sal / log(sal) | B24: =Regression_Base_Output!E23 -> 0.096692797 | C24: =Regression_log_Output!E23 -> 0.23156655

Sheet Sheet7

Sheet Regression_log
